{"_timestamp":1.750907820326817e+09,"_runtime":444.614012753,"_step":1,"_wandb":{"runtime":453},"loss":11.021289825439453,"learning_rate":0.0005,"step":1000}