{"_runtime":41976.466652066,"_step":339,"loss":15.851659774780273,"learning_rate":5e-06,"_wandb":{"runtime":41976},"step":170000,"_timestamp":1.750950548736451e+09}