{"_wandb":{"runtime":550},"loss":17.035629272460938,"learning_rate":0.0005,"step":2000,"_timestamp":1.7509084385971615e+09,"_runtime":542.791360558,"_step":3}